{"cameraMode":{"drawMode":0,"name":"Shaded","section":"Shading Mode"},"sceneLighting":true,"audioPlay":false,"sceneViewState":{"m_AlwaysRefresh":false,"showFog":true,"showSkybox":true,"showFlares":true,"showImageEffects":true,"showParticleSystems":true,"showVisualEffectGraphs":true,"m_FxEnabled":true},"in2DMode":false,"pivot":{"x":10.39358901977539,"y":1.1999998092651368,"z":7.1100006103515629},"rotation":{"x":-0.3440464437007904,"y":-0.20146596431732179,"z":0.07576948404312134,"w":-0.9140014052391052},"size":12.124356269836426,"orthographic":false}