{"cameraMode":{"drawMode":0,"name":"Shaded","section":"Shading Mode"},"sceneLighting":true,"audioPlay":false,"sceneViewState":{"m_AlwaysRefresh":false,"showFog":true,"showSkybox":true,"showFlares":true,"showImageEffects":true,"showParticleSystems":true,"showVisualEffectGraphs":true,"m_FxEnabled":true},"in2DMode":false,"pivot":{"x":8.507357597351075,"y":1.1546142101287842,"z":2.886925458908081},"rotation":{"x":-0.13203966617584229,"y":0.23952625691890717,"z":-0.03289961814880371,"w":-0.9613098502159119},"size":0.8555991053581238,"orthographic":false}