{"cameraMode":{"drawMode":0,"name":"Shaded","section":"Shading Mode"},"sceneLighting":true,"audioPlay":false,"sceneViewState":{"m_AlwaysRefresh":false,"showFog":true,"showSkybox":true,"showFlares":true,"showImageEffects":true,"showParticleSystems":true,"showVisualEffectGraphs":true,"m_FxEnabled":true},"in2DMode":false,"pivot":{"x":15.031026840209961,"y":-2.6499242782592775,"z":6.731748580932617},"rotation":{"x":0.28155943751335146,"y":0.15827062726020814,"z":-0.04714639484882355,"w":0.9452477097511292},"size":7.255947589874268,"orthographic":false}