{"cameraMode":{"drawMode":0,"name":"Shaded","section":"Shading Mode"},"sceneLighting":true,"audioPlay":false,"sceneViewState":{"m_AlwaysRefresh":false,"showFog":true,"showSkybox":true,"showFlares":true,"showImageEffects":true,"showParticleSystems":true,"showVisualEffectGraphs":true,"m_FxEnabled":true},"in2DMode":false,"pivot":{"x":1.2070045471191407,"y":-15.837587356567383,"z":28.741748809814454},"rotation":{"x":0.307925820350647,"y":-0.18732000887393952,"z":0.061960671097040179,"w":0.9307464361190796},"size":19.51580238342285,"orthographic":false}