{"cameraMode":{"drawMode":0,"name":"Shaded","section":"Shading Mode"},"sceneLighting":true,"audioPlay":false,"sceneViewState":{"m_AlwaysRefresh":false,"showFog":true,"showSkybox":true,"showFlares":true,"showImageEffects":true,"showParticleSystems":true,"showVisualEffectGraphs":true,"m_FxEnabled":true},"in2DMode":false,"pivot":{"x":14.305717468261719,"y":3.3668711185455324,"z":20.46274757385254},"rotation":{"x":0.0629442036151886,"y":0.02185356803238392,"z":-0.0013852155534550548,"w":0.9977899789810181},"size":13.194390296936036,"orthographic":false}