{"cameraMode":{"drawMode":0,"name":"Shaded","section":"Shading Mode"},"sceneLighting":true,"audioPlay":false,"sceneViewState":{"m_AlwaysRefresh":false,"showFog":true,"showSkybox":true,"showFlares":true,"showImageEffects":true,"showParticleSystems":true,"showVisualEffectGraphs":true,"m_FxEnabled":true},"in2DMode":false,"pivot":{"x":12.528280258178711,"y":8.484500885009766,"z":16.237937927246095},"rotation":{"x":-0.5873842239379883,"y":-0.22196750342845918,"z":0.17168326675891877,"w":-0.7591644525527954},"size":17.068180084228517,"orthographic":false}