{"cameraMode":{"drawMode":0,"name":"Shaded","section":"Shading Mode"},"sceneLighting":true,"audioPlay":false,"sceneViewState":{"m_AlwaysRefresh":false,"showFog":true,"showSkybox":true,"showFlares":true,"showImageEffects":true,"showParticleSystems":true,"showVisualEffectGraphs":true,"m_FxEnabled":true},"in2DMode":false,"pivot":{"x":21.235248565673829,"y":-0.02610742300748825,"z":2.9797439575195314},"rotation":{"x":0.25603586435317995,"y":-0.06401783972978592,"z":0.017004791647195817,"w":0.9644055366516113},"size":1.9300848245620728,"orthographic":false}