{"cameraMode":{"drawMode":0,"name":"Shaded","section":"Shading Mode"},"sceneLighting":true,"audioPlay":false,"sceneViewState":{"m_AlwaysRefresh":false,"showFog":true,"showSkybox":true,"showFlares":true,"showImageEffects":true,"showParticleSystems":true,"showVisualEffectGraphs":true,"m_FxEnabled":true},"in2DMode":false,"pivot":{"x":20.858190536499025,"y":0.3824096918106079,"z":15.34000015258789},"rotation":{"x":-0.5275794863700867,"y":0.042496394366025928,"z":-0.026454031467437745,"w":-0.8480844497680664},"size":14.41254997253418,"orthographic":false}